0 235,254,891,28,726,728,655,241,49,588
1 1,339,847,312,236,57,528,866,89,875
2 761,986,723,820,450,419,154,636,88,616
3 278,832,530,339,127,56,200,701,652,630
4 430,216,360,87,145,559,355,15,403,850
5 919,541,334,451,561,362,896,456,609,284
6 467,292,782,892,722,95,868,72,414,819
7 592,842,653,361,961,108,39,341,950,742
8 519,546,118,640,167,468,889,219,170,826
9 541,156,187,420,623,40,899,179,426,0
10 7,820,341,316,165,76,421,467,321,91
11 240,74,724,176,173,711,437,825,567,632
12 508,537,877,12,112,775,718,467,855,99
13 992,224,137,332,664,517,936,436,523,487
14 627,612,262,116,471,38,538,490,253,560
15 206,994,93,622,830,882,887,659,682,37
16 946,229,877,619,367,162,994,751,374,110
17 519,338,380,948,705,618,794,650,7,60
18 665,391,67,788,98,846,333,789,12,881
19 798,791,188,80,9,830,795,855,459,226
20 489,197,692,887,990,483,996,602,534,142
21 328,263,917,384,214,777,975,661,720,717
22 165,994,226,699,617,811,676,809,441,480
23 156,369,309,302,157,790,297,311,642,233
24 816,897,74,355,963,878,909,441,995,407
25 651,829,773,782,463,659,883,1,515,594
26 882,688,676,385,545,865,919,835,266,841
27 811,954,782,442,759,914,221,657,264,665
28 38,769,299,939,830,995,58,746,109,660
29 758,341,129,4,876,75,507,742,175,540
30 939,657,172,852,563,590,208,997,583,373
31 140,679,633,481,779,229,971,331,572,720
32 992,502,727,609,770,375,907,895,266,31
33 875,997,626,632,982,292,506,831,173,545
34 674,221,294,246,249,276,825,224,794,675
35 792,769,152,456,574,890,346,970,486,273
36 72,155,525,965,354,286,421,789,658,975
37 203,47,363,858,785,101,833,97,727,6
38 429,583,189,514,741,435,273,391,989,230
39 421,172,18,187,240,217,563,394,182,133
40 486,44,763,439,516,577,613,637,602,545
41 505,686,360,19,634,262,287,352,870,69
42 305,158,384,902,956,433,54,134,49,852
43 304,769,858,410,598,266,12,732,630,846
44 82,585,345,123,498,337,358,500,807,389
45 968,909,508,876,941,184,659,257,475,547
46 167,783,262,419,274,190,357,87,995,411
47 680,506,400,502,277,898,501,519,165,655
48 149,510,475,459,803,416,816,464,239,165
49 289,836,270,899,303,961,336,889,457,137
50 389,353,5,623,821,104,106,526,343,659
51 892,87,602,229,596,614,19,772,428,476
52 813,129,614,273,410,111,33,553,481,285
53 200,225,650,129,889,114,538,173,593,933
54 140,699,122,344,747,627,76,642,495,195
55 655,56,413,170,211,616,284,389,254,9
56 957,578,146,902,783,560,561,748,716,174
57 886,171,218,416,146,665,556,619,693,473
58 213,743,863,206,157,185,35,954,428,874
59 49,426,51,777,730,859,594,390,345,336
60 778,207,199,389,434,654,176,725,749,471
61 3,229,180,78,182,403,659,27,44,803
62 663,234,123,59,565,344,124,591,200,210
63 56,167,948,211,745,55,751,811,805,640
64 393,562,328,2,66,514,26,171,699,833
65 250,448,796,282,385,450,545,84,364,301
66 790,631,651,699,38,416,915,423,53,575
67 719,218,757,408,7,893,82,314,870,886
68 133,605,30,541,561,826,790,798,260,288
69 712,56,635,707,130,494,491,52,710,252
70 223,907,660,460,416,924,883,290,118,240
71 276,845,62,38,678,943,818,791,420,591
72 425,123,278,198,341,606,685,411,668,300
73 419,779,461,281,639,308,596,939,46,402
74 126,348,164,576,244,598,214,821,999,570
75 828,478,683,275,885,997,363,534,95,41
76 392,494,554,937,854,164,395,650,787,968
77 833,39,754,38,338,404,761,854,434,992
78 803,639,618,397,330,840,189,563,761,910
79 382,394,734,579,25,825,200,755,108,569
80 588,224,62,647,229,352,261,264,935,54
81 223,515,143,415,286,951,295,464,47,999
82 212,784,707,844,55,815,578,426,78,968
83 362,842,811,887,531,589,489,518,78,762
84 490,955,105,541,344,368,309,32,362,740
85 133,810,265,515,519,311,297,729,469,580
86 168,670,356,697,837,618,762,676,571,755
87 892,492,968,904,51,403,588,382,473,700
88 657,843,813,559,851,691,954,703,520,317
89 396,199,827,163,366,806,213,331,988,952
90 242,313,288,598,397,165,533,962,607,364
91 471,305,365,425,252,777,44,300,488,602
92 695,506,683,744,903,922,457,544,509,203
93 404,723,884,777,105,586,201,498,834,204
94 637,102,731,868,715,756,793,119,67,160
95 834,205,744,848,708,936,814,580,446,482
96 420,944,652,843,625,611,465,391,369,990
97 597,83,605,382,510,703,204,117,568,768
98 551,582,88,512,826,483,584,734,863,163
99 111,145,116,314,572,242,728,958,44,686
100 870,133,638,613,584,341,226,294,78,437
101 370,98,47,301,136,761,884,337,90,547
102 812,573,655,9,847,889,191,710,219,688
103 596,449,316,151,993,219,482,82,45,421
104 53,193,770,576,779,646,297,123,429,579
105 851,711,705,329,420,752,793,77,964,933
106 776,692,730,776,875,585,234,327,994,534
107 721,537,300,541,485,922,660,961,225,635
108 580,325,769,203,935,545,844,759,171,385
109 273,769,858,436,933,942,443,113,15,207
110 794,558,682,394,668,718,995,516,543,279
111 58,389,360,591,706,615,570,174,676,867
112 582,935,166,782,93,754,845,717,53,639
113 884,76,986,315,364,916,163,674,413,55
114 738,249,818,973,230,498,409,368,921,483
115 438,369,618,233,351,28,908,898,781,929
116 543,616,337,432,793,868,801,328,675,972
117 604,460,762,300,60,159,881,724,696,191
118 365,799,136,266,712,182,440,82,416,835
119 510,278,467,625,122,658,511,50,463,532
120 955,925,549,32,357,74,770,840,276,213
121 886,830,413,486,222,768,242,351,440,326
122 550,795,274,397,268,208,796,861,702,567
123 338,732,846,987,969,863,740,90,517,218
124 937,123,477,26,38,186,807,40,881,492
125 500,474,442,71,68,167,683,943,532,969
126 638,367,274,309,756,397,188,489,119,673
127 850,245,487,35,78,731,238,301,122,211
128 205,305,900,360,62,62,160,283,416,775
129 170,74,2,240,562,948,386,71,253,799
130 447,125,951,309,438,404,591,578,865,728
131 228,619,539,454,296,969,99,575,866,63
132 50,597,530,30,830,687,775,15,713,740
133 304,193,433,144,529,176,233,265,638,600
134 691,848,982,312,63,837,215,717,97,373
135 579,514,212,74,960,295,710,28,857,182
136 209,345,189,988,800,505,973,174,538,186
137 247,203,731,758,247,805,164,99,795,986
138 836,970,35,645,987,727,148,25,229,758
139 454,302,326,678,334,77,794,975,754,632
140 776,473,779,384,814,757,352,72,40,400
141 780,906,967,681,846,31,587,261,174,423
142 664,164,508,537,220,273,862,831,944,489
143 66,574,921,623,109,196,406,83,807,805
144 549,433,763,383,899,917,270,626,259,141
145 814,329,936,180,86,733,729,546,958,265
146 69,575,735,650,540,28,56,477,680,896
147 262,910,315,688,677,388,926,739,234,826
148 459,425,103,65,799,502,475,45,601,191
149 492,438,536,24,362,331,79,931,68,812
150 835,515,723,261,80,970,542,484,616,649
151 614,783,260,842,132,536,292,944,513,813
152 969,816,881,113,773,811,724,341,404,628
153 146,755,671,902,9,699,303,166,456,609
154 444,641,752,968,19,120,110,565,432,51
155 181,692,85,841,213,662,22,273,426,351
156 594,924,31,302,409,401,467,282,17,261
157 837,111,675,500,238,986,294,564,664,496
158 160,958,432,22,289,632,612,228,354,530
159 796,917,975,836,629,605,762,717,934,790
160 931,604,920,29,497,346,928,639,6,891
161 402,35,541,501,288,458,243,900,857,127
162 921,155,38,663,417,545,696,947,255,156
163 947,473,779,425,495,621,407,437,222,236
164 857,302,712,345,206,579,169,845,407,338
165 250,510,472,99,630,725,870,605,768,956
166 800,110,207,51,927,604,904,154,842,213
167 588,162,992,813,819,390,50,760,484,343
168 764,514,733,265,106,865,972,440,155,393
169 340,82,513,792,289,969,220,683,283,930
170 66,594,336,687,917,839,96,531,178,146
171 464,804,800,13,260,178,283,930,291,280
172 3,815,296,311,788,219,605,893,93,136
173 56,570,302,531,642,33,662,16,612,373
174 104,481,256,399,733,827,408,339,84,416
175 781,42,346,259,592,135,617,451,617,465
176 915,885,676,548,114,799,823,686,197,285
177 942,853,193,511,251,489,985,998,255,800
178 717,15,11,290,858,800,188,777,163,74
179 296,302,595,66,620,971,45,49,861,956
180 97,219,223,593,358,595,679,760,917,511
181 490,482,278,161,571,39,744,653,224,653
182 579,936,837,247,436,46,632,611,497,106
183 178,797,455,602,456,487,10,568,441,589
184 799,431,784,330,760,455,972,694,779,880
185 452,99,80,132,619,871,236,689,215,189
186 866,513,660,866,51,260,68,552,251,844
187 195,677,43,301,408,724,310,333,792,243
188 599,340,921,335,266,241,417,224,639,873
189 375,908,928,331,931,837,764,137,710,18
190 320,786,699,922,679,777,102,133,738,993
191 82,689,243,897,903,689,691,809,864,834
192 742,258,616,231,468,188,878,968,238,629
193 318,677,292,308,391,547,81,525,192,24
194 278,567,11,743,938,868,74,63,685,85
195 164,959,942,300,180,917,170,575,426,907
196 797,155,419,473,21,740,231,471,947,358
197 961,19,595,544,764,762,146,737,947,657
198 428,7,55,90,43,519,540,303,745,397
199 561,765,610,997,683,352,339,939,784,942
200 524,632,260,302,43,441,697,935,848,100
201 552,934,265,439,15,699,606,16,147,835
202 317,764,605,421,105,368,729,351,501,644
203 561,409,87,885,385,275,175,727,730,724
204 85,872,364,843,283,652,730,242,553,238
205 420,849,59,49,741,90,636,749,185,948
206 881,94,602,646,668,729,191,469,503,998
207 2,551,753,743,487,290,132,62,806,409
208 18,998,990,607,74,175,788,136,398,465
209 990,654,920,879,314,134,31,991,457,696
210 505,395,766,737,636,881,84,851,92,217
211 726,625,452,736,194,575,527,171,221,136
212 589,516,949,857,320,61,562,681,899,106
213 512,460,883,283,542,692,701,885,56,750
214 399,29,65,801,971,42,814,959,36,966
215 453,190,829,650,543,920,492,526,998,300
216 434,758,95,613,74,169,513,349,637,990
217 975,74,812,260,952,335,965,417,77,484
218 298,438,353,488,822,702,980,520,250,597
219 655,338,966,773,478,264,8,875,178,858
220 642,521,262,242,439,262,784,365,945,294
221 895,429,976,711,21,124,273,165,501,251
222 762,896,782,848,964,255,833,930,116,965
223 248,521,469,598,620,730,804,954,181,265
224 648,301,354,908,835,706,818,157,52,21
225 940,460,741,452,927,215,269,986,852,954
226 589,413,798,982,709,86,712,33,172,64
227 206,402,389,782,464,401,120,933,633,923
228 609,825,526,348,894,64,280,35,573,62
229 609,151,889,530,665,664,337,808,97,893
230 116,614,822,132,665,557,149,537,197,543
231 412,604,641,25,938,312,618,907,256,239
232 138,784,687,722,503,132,97,459,499,987
233 404,761,344,650,605,54,4,946,489,129
234 430,626,931,38,2,550,615,540,946,397
235 333,469,786,804,539,411,958,969,654,666
236 552,962,766,522,763,233,706,511,70,29
237 216,452,320,759,823,781,876,634,305,856
238 743,299,139,704,113,514,109,908,75,392
239 358,178,357,133,501,464,808,673,64,337
240 18,169,453,777,886,798,846,423,183,896
241 879,815,155,88,788,138,979,686,700,510
242 479,279,89,923,813,170,43,495,7,12
243 866,864,91,774,713,154,299,937,415,152
244 252,670,377,47,299,559,469,301,226,368
245 94,28,358,209,237,550,654,466,120,615
246 806,763,261,168,476,313,138,443,768,994
247 371,566,731,584,323,853,216,687,280,441
248 661,19,916,943,473,881,601,372,484,840
249 188,637,639,890,320,574,407,587,990,597
250 668,968,7,735,752,388,276,48,64,737
251 318,145,283,909,254,813,414,789,539,547
252 70,493,108,152,250,52,248,402,515,242
253 403,195,934,830,346,518,352,33,633,56
254 565,627,13,220,756,752,531,931,113,146
255 365,524,881,212,80,754,262,77,848,974
256 432,536,365,221,682,576,658,123,129,4
257 690,257,701,536,718,814,144,606,616,232
258 598,55,2,725,877,820,823,506,3,709
259 231,859,646,359,970,100,105,523,240,924
260 164,893,947,578,659,765,543,794,882,7
261 198,452,4,933,878,490,550,887,5,664
262 571,584,778,379,598,493,906,978,598,856
263 441,522,185,232,660,343,33,845,443,372
264 7,366,402,530,835,183,79,260,214,678
265 921,639,161,470,353,357,38,137,201,256
266 145,426,931,58,978,572,648,360,260,903
267 556,983,634,606,656,272,465,117,743,18
268 546,360,430,226,632,752,765,118,630,664
269 215,370,955,800,232,780,57,809,351,275
270 327,267,789,406,685,60,812,254,906,129
271 716,977,376,456,130,67,333,168,477,741
272 797,648,882,824,341,556,488,851,575,770
273 136,158,711,328,654,146,866,605,511,979
274 808,119,447,520,722,549,791,374,168,791
275 572,562,833,121,207,473,858,831,489,418
276 492,32,846,354,576,651,356,55,891,60
277 805,287,725,163,139,384,89,235,35,897
278 924,267,961,920,248,96,3,55,685,123
279 950,921,990,10,613,575,222,335,130,210
280 968,823,21,11,619,439,147,105,2,329
281 268,146,836,301,851,162,374,332,892,974
282 258,333,30,661,135,283,914,244,777,625
283 828,40,517,766,881,880,623,398,629,700
284 797,317,860,858,414,391,448,891,216,348
285 539,330,156,67,110,609,796,171,868,92
286 148,768,755,701,154,375,872,686,44,188
287 444,611,665,61,573,718,510,812,926,471
288 556,694,155,202,232,183,817,473,805,567
289 801,2,214,126,756,700,916,141,861,681
290 627,324,305,888,937,755,247,329,642,856
291 638,775,306,463,231,181,999,587,297,7
292 378,14,48,101,274,540,555,775,739,204
293 964,240,63,616,173,633,629,125,725,431
294 563,310,574,185,107,64,539,153,265,282
295 739,581,777,38,8,111,742,932,340,18
296 184,240,667,767,746,337,910,686,226,887
297 39,373,84,200,77,847,187,229,370,329
298 11,668,152,988,224,720,451,935,93,174
299 597,250,418,608,189,851,780,649,177,561
300 728,449,835,828,145,769,804,166,458,289
301 27,529,532,87,388,512,68,532,72,510
302 63,191,205,653,439,740,106,676,244,272
303 584,638,937,866,59,768,137,718,935,565
304 872,686,573,713,816,620,415,240,197,414
305 299,897,89,328,765,638,553,778,215,675
306 695,413,91,602,997,44,884,679,470,685
307 639,479,23,739,819,764,180,139,845,625
308 710,100,347,628,10,956,191,976,105,474
309 652,438,930,932,653,127,186,192,894,36
310 399,988,785,608,999,664,570,522,152,602
311 704,298,822,703,523,297,15,331,545,173
312 451,323,263,872,992,771,125,819,951,529
313 510,17,92,604,900,419,483,836,118,61
314 606,600,461,136,39,537,785,410,831,711
315 125,94,192,961,221,605,433,621,406,402
316 207,239,676,477,951,407,388,898,111,311
317 983,226,147,158,296,571,565,203,543,476
318 179,709,803,845,645,804,894,644,818,851
319 843,158,866,671,784,167,187,655,985,546
320 66,588,909,414,742,779,633,156,972,913
321 719,353,464,909,609,889,576,939,961,284
322 486,676,877,614,638,795,860,201,637,720
323 474,637,939,627,104,606,606,746,908,377
324 114,72,50,844,724,721,570,432,175,266
325 785,263,562,580,944,482,62,907,991,778
326 837,80,648,713,826,118,739,648,333,666
327 594,718,290,106,643,537,824,497,797,42
328 284,891,26,169,209,994,625,845,802,583
329 8,153,346,550,520,339,684,992,683,787
330 285,270,479,973,662,541,785,906,905,887
331 821,530,873,766,513,99,142,213,44,599
332 183,882,415,854,311,768,786,101,930,195
333 502,447,221,461,186,810,918,333,994,651
334 80,452,180,70,770,582,361,567,386,570
335 519,139,984,801,572,152,293,932,536,858
336 297,698,702,269,181,611,950,585,188,446
337 326,297,378,521,256,581,637,909,338,657
338 281,863,459,297,477,978,120,785,340,783
339 215,245,933,768,218,385,624,109,644,406
340 207,680,932,33,941,307,363,352,200,588
341 483,436,747,23,516,533,717,648,669,919
342 303,842,839,420,758,482,161,956,806,159
343 49,443,734,755,861,811,472,263,83,912
344 722,375,978,606,788,38,983,371,82,844
345 726,379,409,896,453,70,62,495,811,955
346 418,827,381,497,215,634,121,692,931,690
347 851,165,733,828,261,413,253,127,443,90
348 62,855,871,107,86,731,844,657,362,56
349 859,193,470,342,67,809,694,106,977,434
350 478,606,797,759,11,454,398,807,845,164
351 671,660,301,928,196,892,28,118,503,921
352 500,274,898,606,421,640,765,123,987,614
353 512,346,675,847,826,714,801,94,697,845
354 375,347,779,930,887,222,978,333,524,52
355 838,633,997,637,172,788,566,161,642,6
356 89,333,434,373,927,433,963,301,303,572
357 584,351,280,124,619,71,888,11,615,61
358 20,231,632,592,660,777,563,770,669,905
359 899,403,842,502,126,450,181,177,931,162
360 391,582,710,820,374,365,434,259,150,142
361 804,211,949,796,761,881,426,483,838,54
362 846,718,541,457,849,0,955,89,872,545
363 996,691,594,829,330,582,858,785,750,617
364 327,734,971,135,798,315,152,361,474,976
365 141,893,701,851,407,567,644,176,828,228
366 117,766,49,659,324,424,914,201,582,616
367 534,402,181,136,956,380,429,19,993,430
368 569,418,736,829,706,749,440,707,98,930
369 997,326,166,192,945,89,354,524,17,137
370 552,530,588,444,114,131,937,903,650,285
371 202,18,670,681,1,469,839,104,213,987
372 93,40,116,706,94,911,87,381,542,222
373 400,652,687,814,199,834,962,386,618,540
374 41,376,131,840,781,366,669,519,465,152
375 704,464,431,740,543,148,749,605,269,690
376 812,690,394,969,832,790,43,863,37,161
377 652,729,17,421,533,897,54,66,324,68
378 470,220,321,209,2,553,899,739,949,661
379 755,552,382,573,520,677,11,488,327,211
380 410,260,329,478,159,652,770,229,140,884
381 142,119,647,524,173,619,197,367,873,963
382 926,529,623,758,237,625,358,386,942,573
383 194,384,460,238,502,584,777,894,281,910
384 793,202,886,371,327,218,598,982,577,765
385 277,47,24,338,348,482,862,606,664,642
386 792,511,371,403,655,851,767,103,735,293
387 287,306,721,692,148,251,264,689,936,288
388 782,604,352,558,646,750,639,656,217,421
389 739,75,185,998,67,743,600,764,900,72
390 522,306,756,572,691,588,841,197,770,108
391 554,294,701,845,325,243,449,75,528,595
392 962,512,45,814,465,630,125,521,324,503
393 528,475,575,935,618,405,880,202,944,191
394 95,227,119,837,885,629,211,130,790,630
395 703,876,941,498,77,139,200,826,418,936
396 815,659,70,467,846,214,219,41,477,685
397 497,539,65,426,124,398,213,611,873,866
398 422,347,102,461,903,71,477,390,944,1
399 502,954,820,343,909,838,627,939,43,512
400 538,52,838,904,965,10,663,914,806,535
401 324,317,444,637,742,75,484,133,406,124
402 244,990,513,250,877,891,828,740,620,663
403 666,142,83,441,102,589,671,760,451,844
404 193,66,286,410,491,499,810,828,431,190
405 159,524,902,717,318,395,608,815,688,650
406 257,920,969,299,457,636,963,71,34,729
407 105,482,723,865,993,230,187,877,0,99
408 82,993,35,54,478,125,912,294,258,10
409 360,593,275,720,604,399,925,829,625,778
410 516,288,662,516,237,924,248,360,834,278
411 99,652,94,429,454,365,54,341,70,875
412 489,207,905,614,533,279,704,154,528,638
413 67,125,70,428,360,848,974,140,728,482
414 367,624,824,20,417,665,328,458,242,103
415 245,28,413,677,6,491,85,4,841,72
416 184,374,536,797,279,305,655,654,744,146
417 541,217,543,367,908,128,528,535,674,84
418 439,435,719,794,888,185,646,711,504,732
419 244,212,43,557,287,279,735,36,503,697
420 338,391,29,221,388,850,440,167,900,187
421 487,406,339,562,0,800,56,197,42,688
422 448,213,258,181,88,685,584,638,674,752
423 878,893,195,468,826,533,900,913,448,724
424 736,971,855,906,695,93,473,952,131,326
425 821,230,486,846,55,388,987,246,933,557
426 863,892,549,122,317,692,164,163,986,760
427 739,153,946,582,330,538,319,436,299,370
428 444,48,457,264,165,662,597,543,195,989
429 585,617,730,753,108,292,433,932,426,943
430 665,62,985,208,370,450,544,140,348,474
431 565,579,729,645,946,799,337,565,849,408
432 309,437,270,827,747,286,236,653,417,687
433 955,618,512,322,57,910,262,385,77,92
434 753,489,682,947,662,415,740,154,723,811
435 238,798,670,657,198,410,69,145,236,362
436 949,419,107,194,354,484,618,683,11,465
437 578,216,91,331,35,371,655,127,926,418
438 742,747,369,835,212,275,298,832,412,983
439 802,292,431,128,558,528,215,795,955,720
440 124,178,128,941,522,844,885,218,895,720
441 658,178,575,795,984,445,569,741,710,86
442 192,3,47,102,155,182,859,177,517,912
443 66,617,450,818,864,707,62,539,514,513
444 632,262,835,485,494,688,172,110,427,849
445 532,221,904,755,773,543,715,398,241,491
446 521,265,0,244,661,120,844,622,94,516
447 627,377,720,152,35,75,424,956,838,871
448 123,501,813,131,759,181,0,27,674,372
449 674,958,26,667,441,874,973,156,164,370
450 128,635,1,718,408,574,695,837,774,660
451 405,576,500,724,789,579,566,915,737,440
452 476,51,169,799,314,173,547,556,133,476
453 330,366,806,941,385,163,378,200,539,533
454 501,377,787,382,12,938,388,487,868,834
455 10,202,614,572,334,811,350,192,37,744
456 637,498,872,168,167,339,648,254,39,149
457 262,770,434,438,591,508,71,471,962,460
458 322,848,132,584,47,335,182,465,221,846
459 523,172,215,151,215,129,147,512,179,882
460 62,183,458,218,847,410,584,234,653,326
461 287,578,337,956,230,270,857,332,186,246
462 840,583,106,977,555,767,797,309,347,95
463 538,977,174,171,804,79,277,833,406,152
464 152,198,805,418,956,539,20,170,174,729
465 582,255,887,33,203,82,279,222,435,627
466 35,102,353,446,195,784,486,809,597,208
467 528,667,478,740,113,344,989,909,831,485
468 332,693,927,44,10,122,643,813,175,326
469 945,272,408,595,471,362,330,453,883,85
470 337,225,465,750,415,82,713,37,397,107
471 877,20,292,472,905,720,264,430,995,782
472 671,466,11,361,102,605,355,401,709,575
473 498,27,257,256,242,933,217,592,0,273
474 928,952,784,745,301,724,383,284,815,804
475 164,10,563,500,300,843,946,311,738,533
476 177,965,136,667,164,88,100,570,466,901
477 506,962,996,336,365,612,811,95,712,229
478 883,215,220,305,996,894,833,656,976,459
479 519,958,333,557,338,668,988,905,462,329
480 175,159,395,427,822,776,642,618,641,50
481 291,380,938,871,490,883,684,117,604,140
482 689,33,911,297,821,366,57,294,101,529
483 142,946,134,563,206,935,810,207,122,116
484 394,951,364,995,146,576,893,251,398,281
485 443,686,557,182,844,26,869,684,595,630
486 887,900,811,226,520,115,843,481,187,33
487 319,380,121,385,82,105,65,343,526,328
488 682,32,139,650,782,391,615,170,80,539
489 778,54,568,815,702,297,744,642,821,819
490 882,424,535,420,238,746,805,111,596,249
491 505,821,841,696,809,506,306,903,782,240
492 473,397,388,951,269,911,582,105,558,61
493 761,747,664,866,874,42,688,63,660,628
494 171,550,45,854,162,663,510,257,68,392
495 317,416,770,117,848,689,343,903,953,169
496 405,901,128,634,523,955,527,164,359,75
497 344,580,208,41,804,844,393,37,115,88
498 518,889,9,995,939,156,145,834,944,67
499 523,582,20,60,227,209,304,446,289,381
500 745,568,182,544,799,662,465,621,471,520
501 423,276,368,950,105,71,983,19,19,623
502 843,976,911,260,287,831,447,588,593,553
503 338,772,868,946,434,346,663,366,576,811
504 501,558,535,346,609,83,216,479,980,969
505 385,682,504,486,614,446,338,164,754,557
506 846,495,255,973,434,67,845,904,340,221
507 634,461,981,734,468,480,763,417,464,979
508 371,977,22,995,403,970,216,455,905,181
509 432,106,780,295,302,480,257,317,457,325
510 635,776,426,909,279,405,21,171,396,630
511 884,698,505,927,498,126,600,805,850,683
512 928,946,78,210,0,824,946,224,916,941
513 660,247,319,670,612,918,366,596,900,135
514 875,115,67,819,425,70,353,689,561,107
515 912,852,399,483,845,862,887,107,633,372
516 677,622,501,436,69,492,561,45,786,141
517 78,463,376,409,67,514,908,730,529,62
518 227,714,21,514,472,36,935,356,729,861
519 810,400,653,313,238,630,670,889,445,274
520 888,77,421,31,147,864,547,141,758,256
521 51,366,337,425,232,800,813,592,340,814
522 107,301,203,404,221,310,145,633,460,932
523 569,885,305,283,549,158,11,567,176,673
524 342,224,957,676,0,483,496,422,201,645
525 841,977,528,183,340,661,688,586,570,661
526 23,721,958,584,677,371,961,511,129,518
527 284,394,384,898,480,496,515,312,374,924
528 382,213,245,229,309,104,325,445,205,368
529 238,936,140,248,200,878,631,830,395,263
530 6,48,756,835,2,927,476,477,441,499
531 0,184,172,102,879,884,708,47,863,89
532 931,967,808,531,981,507,525,703,10,416
533 457,503,752,495,185,960,2,303,110,388
534 923,33,289,162,808,429,339,718,314,185
535 534,300,449,856,680,463,555,853,150,295
536 346,796,477,888,591,124,268,608,411,563
537 780,332,257,791,401,904,551,381,475,747
538 674,922,317,721,432,2,48,42,404,615
539 858,321,593,434,637,553,616,304,462,180
540 275,247,301,220,717,268,454,791,542,238
541 640,266,182,195,367,745,557,441,206,460
542 549,953,840,253,101,739,335,271,803,926
543 874,577,694,595,337,491,621,566,485,42
544 898,636,181,126,209,20,36,579,669,108
545 106,640,689,972,782,993,845,454,802,855
546 266,82,418,391,113,509,79,76,658,633
547 661,462,69,83,181,267,490,290,148,557
548 200,921,163,331,642,80,199,751,902,296
549 974,818,768,980,213,339,864,752,178,624
550 455,740,741,447,441,730,456,502,755,825
551 525,703,829,102,307,449,50,598,23,169
552 177,850,604,281,477,123,228,956,954,402
553 923,968,399,222,792,230,185,381,794,548
554 614,667,762,547,399,764,295,674,314,622
555 442,699,384,710,639,128,980,729,186,529
556 103,562,674,848,709,464,143,387,363,766
557 450,309,692,629,248,183,83,733,260,296
558 802,131,984,227,271,870,829,414,535,407
559 713,291,41,304,542,877,760,132,606,583
560 279,55,888,407,10,93,444,588,800,634
561 522,308,285,352,855,951,99,365,601,25
562 584,75,736,855,41,885,318,762,646,662
563 928,580,82,621,778,965,622,59,406,184
564 875,214,641,749,641,365,527,504,368,164
565 177,581,513,136,132,903,712,190,657,776
566 13,995,514,479,617,65,235,639,495,439
567 557,651,961,925,723,303,797,965,574,333
568 794,312,938,594,657,901,630,127,39,443
569 506,475,119,559,380,227,530,473,312,902
570 647,609,717,988,199,752,977,142,926,775
571 758,325,540,321,46,878,561,260,956,414
572 673,159,785,668,163,510,367,369,619,941
573 746,574,529,206,372,831,634,292,516,19
574 894,603,368,679,691,809,312,204,488,607
575 238,290,470,350,319,639,854,212,608,44
576 438,336,951,602,656,174,201,14,881,81
577 422,613,956,54,804,37,981,396,312,208
578 180,12,650,600,283,974,18,612,230,976
579 232,238,145,315,257,99,495,63,850,382
580 39,179,40,126,704,390,418,858,772,842
581 756,548,862,643,317,455,999,645,305,478
582 732,42,333,287,613,589,410,621,598,578
583 957,857,859,991,543,128,259,640,596,41
584 281,442,108,310,505,439,458,415,834,584
585 802,758,526,819,175,626,773,446,308,699
586 983,373,426,748,154,354,734,647,722,962
587 99,807,57,665,451,667,336,34,790,930
588 867,823,257,825,71,365,662,791,223,509
589 0,625,771,106,949,316,468,861,100,518
590 866,251,648,820,709,44,609,787,591,930
591 178,27,835,661,724,375,942,127,43,669
592 80,760,924,480,69,727,786,590,990,441
593 122,978,87,0,762,564,885,324,510,987
594 527,917,530,250,169,366,997,145,902,924
595 877,998,77,801,405,421,100,36,782,427
596 717,190,825,508,596,411,844,971,497,846
597 809,142,685,751,950,847,289,129,288,885
598 224,181,244,122,925,374,395,206,594,474
599 650,825,874,447,591,929,868,757,517,294
600 200,194,755,345,390,71,138,210,138,272
601 158,573,258,418,208,988,905,127,469,986
602 416,172,488,491,574,127,207,748,336,988
603 213,238,118,85,307,808,517,575,34,562
604 977,696,699,892,258,982,529,397,729,631
605 63,327,452,252,557,649,734,297,175,749
606 341,595,9,328,825,509,505,25,496,445
607 726,896,423,591,963,943,450,36,622,508
608 640,645,972,501,741,371,303,108,242,5
609 268,844,325,718,713,543,569,122,85,176
610 574,13,591,163,740,385,643,217,352,789
611 773,588,759,632,94,12,863,520,637,574
612 373,362,334,160,276,510,204,186,751,889
613 351,786,320,693,699,714,375,952,6,817
614 349,987,598,10,699,529,417,382,568,76
615 452,210,448,868,351,390,429,743,14,15
616 652,973,290,631,387,145,462,982,756,64
617 70,925,511,644,757,508,405,763,268,179
618 662,91,403,456,756,994,736,386,209,670
619 168,615,411,877,941,895,517,704,534,426
620 324,97,36,521,668,32,913,675,266,512
621 805,306,141,850,928,87,715,7,895,1
622 429,137,274,25,254,838,14,579,806,50
623 957,717,828,981,972,356,726,909,948,715
624 463,230,757,527,574,659,525,529,290,54
625 37,188,734,941,851,616,967,466,758,157
626 205,133,564,176,862,410,737,171,244,12
627 420,447,572,407,420,252,738,903,274,422
628 653,487,221,340,299,441,925,213,630,638
629 79,483,286,342,627,466,658,291,167,162
630 250,790,280,549,418,590,902,567,500,334
631 614,434,104,445,667,890,775,419,862,476
632 588,634,907,948,246,933,756,525,123,451
633 506,708,318,386,831,66,176,646,612,522
634 952,626,364,323,232,681,310,152,486,191
635 455,522,683,539,815,889,167,696,51,760
636 133,589,82,332,882,876,939,158,723,280
637 4,654,795,171,2,251,331,643,606,417
638 874,965,259,802,731,872,889,244,528,884
639 496,480,68,483,241,928,815,754,497,98
640 244,805,572,779,971,123,184,349,67,801
641 586,297,196,453,183,228,247,489,841,461
642 957,381,615,590,605,442,527,225,246,666
643 138,531,81,152,93,16,549,702,524,530
644 390,229,165,320,470,730,323,548,425,716
645 386,654,245,127,367,525,760,10,115,513
646 630,395,192,965,837,141,120,76,859,738
647 615,549,700,429,695,775,670,349,48,973
648 365,746,849,11,606,792,297,443,173,919
649 486,605,74,99,903,531,727,998,722,789
650 873,469,302,323,265,417,772,809,176,694
651 341,51,551,279,44,451,181,696,933,657
652 652,299,362,64,904,794,888,978,184,120
653 481,889,841,590,211,488,880,46,290,766
654 467,595,383,794,575,412,383,530,799,983
655 440,329,961,123,889,666,488,90,852,925
656 708,90,736,45,174,551,519,215,788,589
657 750,787,68,188,391,56,120,783,250,601
658 986,44,516,409,863,920,59,128,307,176
659 546,365,970,947,71,143,579,104,983,276
660 843,566,810,653,747,26,703,157,185,961
661 619,218,226,191,542,817,405,722,400,68
662 277,56,980,414,165,702,63,823,440,101
663 209,355,922,824,98,879,961,436,119,756
664 561,88,918,797,464,579,982,889,462,272
665 901,234,320,35,887,309,613,101,274,251
666 456,541,180,608,596,867,261,59,551,131
667 481,984,560,772,152,520,870,378,33,60
668 527,479,195,967,185,452,433,665,613,647
669 491,163,521,871,31,485,38,433,275,462
670 691,74,520,813,995,225,266,492,847,196
671 522,807,749,118,990,923,518,667,181,971
672 546,864,225,138,859,530,69,786,195,323
673 997,875,81,584,933,688,402,660,769,151
674 287,753,57,833,223,787,745,44,186,298
675 297,345,226,810,449,136,409,749,54,978
676 199,483,976,699,396,695,724,398,522,927
677 598,924,82,803,428,508,534,112,609,777
678 846,701,22,529,501,850,593,278,456,598
679 717,756,31,330,503,293,983,771,794,204
680 27,409,238,133,884,307,252,558,541,196
681 595,540,767,713,375,147,112,671,787,876
682 520,285,538,861,440,335,920,569,801,366
683 773,216,498,160,89,153,111,857,879,2
684 422,332,11,451,904,629,117,201,787,544
685 358,720,482,703,771,137,106,846,175,836
686 627,330,108,18,652,299,84,821,207,346
687 535,340,962,947,146,286,213,445,967,826
688 601,845,564,607,975,228,715,851,53,173
689 626,897,494,172,402,543,820,653,560,89
690 150,894,723,995,92,813,194,707,230,338
691 59,285,573,823,596,124,14,766,242,252
692 317,913,100,390,391,671,999,201,673,642
693 373,937,213,18,877,996,681,500,439,730
694 883,404,657,227,521,610,819,681,882,51
695 569,386,861,533,197,387,209,737,822,252
696 204,431,267,525,972,59,254,923,577,77
697 684,443,575,642,114,184,166,494,261,790
698 260,196,283,161,738,196,842,236,938,518
699 460,436,948,311,492,603,561,848,90,87
700 892,70,932,977,495,191,87,320,482,434
701 361,603,616,487,618,656,506,840,98,655
702 110,764,504,847,468,347,674,168,187,638
703 997,979,549,664,316,724,192,813,998,439
704 300,825,961,689,834,432,975,689,898,509
705 216,79,500,433,132,56,75,269,931,369
706 885,268,608,949,64,156,283,811,402,630
707 744,227,158,514,547,68,101,59,698,631
708 729,932,943,254,69,558,952,493,813,611
709 241,669,528,591,486,150,596,662,19,814
710 112,110,662,761,407,72,745,494,40,465
711 101,463,66,349,76,81,160,350,83,68
712 678,105,62,246,82,146,264,724,226,69
713 134,732,883,299,739,254,563,303,61,987
714 92,610,739,98,646,596,270,712,947,564
715 494,49,104,321,200,655,123,81,49,241
716 506,241,591,206,424,313,73,61,907,16
717 879,613,153,371,934,937,531,427,92,893
718 130,106,591,188,684,561,925,735,587,322
719 73,390,245,470,888,986,412,64,587,926
720 340,39,699,521,454,835,550,687,36,98
721 327,560,879,894,56,97,151,998,341,762
722 786,4,587,913,548,183,485,656,563,254
723 991,484,485,489,634,220,699,848,15,425
724 882,196,534,683,34,971,928,874,606,69
725 4,861,660,135,15,796,111,894,491,597
726 951,606,991,14,37,282,149,114,445,813
727 599,908,619,716,851,363,550,862,946,977
728 992,114,790,663,292,525,354,709,753,411
729 588,211,584,348,755,437,371,908,60,283
730 739,739,935,137,289,389,50,172,192,184
731 135,353,825,272,13,206,662,956,817,691
732 215,288,217,393,221,953,622,569,389,441
733 770,518,998,537,795,174,338,267,847,752
734 482,509,638,813,171,622,791,101,660,606
735 741,90,194,526,4,244,448,122,63,620
736 625,808,771,600,147,569,115,203,787,544
737 452,660,896,475,809,656,872,568,671,933
738 341,719,730,753,635,536,444,47,992,16
739 897,950,599,305,378,832,999,446,269,841
740 640,642,376,457,310,143,546,547,23,490
741 489,921,436,535,57,462,269,332,831,481
742 301,749,751,62,417,367,728,826,893,75
743 591,708,555,536,491,61,696,608,881,644
744 704,630,491,824,110,453,313,625,408,995
745 438,97,358,114,769,860,623,578,21,528
746 574,956,153,233,755,336,329,335,67,862
747 813,972,952,235,706,100,971,463,308,210
748 981,370,949,34,756,578,577,145,305,945
749 15,508,326,735,789,724,197,113,644,934
750 677,902,399,48,992,946,556,310,329,811
751 215,941,823,25,137,988,19,509,496,372
752 445,407,767,484,362,993,366,677,983,979
753 213,401,463,90,87,760,714,445,731,779
754 705,930,978,728,220,450,796,435,174,667
755 1,644,522,609,626,113,450,303,312,341
756 27,420,893,511,744,766,307,491,398,342
757 301,500,589,605,955,362,694,518,924,96
758 568,936,435,966,364,913,479,15,804,521
759 390,532,970,869,929,865,167,107,306,495
760 697,320,91,293,448,401,816,450,45,181
761 151,662,946,311,968,748,253,668,241,62
762 211,337,720,695,344,539,505,734,902,235
763 231,525,859,522,295,212,987,333,701,605
764 642,432,419,760,765,134,812,554,272,725
765 601,904,421,74,56,220,989,500,556,156
766 89,581,475,705,206,198,343,204,657,792
767 610,883,962,503,916,174,772,576,683,102
768 916,203,13,758,775,732,308,3,718,11
769 816,279,535,493,254,660,863,592,23,10
770 414,714,57,474,380,322,251,316,821,377
771 512,517,936,509,938,435,94,290,321,260
772 228,95,131,958,659,97,451,889,737,87
773 845,330,725,5,971,637,209,216,894,943
774 946,829,403,830,447,599,342,623,809,250
775 892,592,269,374,9,594,690,408,701,396
776 739,594,664,226,831,215,840,892,992,868
777 845,128,682,10,854,731,278,500,435,421
778 347,439,52,297,61,140,429,238,112,690
779 725,556,267,197,545,779,255,458,116,455
780 37,517,575,480,634,270,209,569,577,73
781 664,120,765,53,586,934,952,691,897,927
782 360,66,920,254,930,40,879,0,556,588
783 861,931,214,413,200,616,304,971,377,603
784 660,33,959,237,630,957,808,134,339,908
785 748,282,766,378,196,249,528,473,757,980
786 345,618,648,247,988,523,914,874,155,463
787 790,503,117,211,226,795,158,232,586,670
788 831,84,706,356,758,299,62,808,278,439
789 583,305,539,396,708,846,716,485,672,291
790 941,330,617,99,161,74,85,854,595,974
791 617,763,664,0,686,721,303,690,962,578
792 293,120,946,710,870,528,335,120,179,810
793 114,817,267,866,225,388,235,493,871,299
794 850,341,951,649,368,260,853,822,606,214
795 864,714,306,828,734,984,647,547,528,102
796 382,337,754,785,422,817,892,778,861,754
797 870,865,382,850,763,394,676,867,925,565
798 54,196,95,254,653,143,507,130,760,342
799 896,407,583,939,405,635,441,364,766,591
800 743,829,818,426,330,926,381,955,699,50
801 729,163,413,731,429,744,496,308,111,774
802 943,825,805,411,593,473,861,880,434,356
803 81,818,122,894,639,520,899,699,560,492
804 330,347,10,233,276,46,424,118,302,870
805 548,816,282,856,777,702,309,989,827,326
806 149,800,615,115,373,90,443,139,993,56
807 4,938,918,932,480,139,756,108,8,817
808 573,570,94,344,971,419,143,758,507,181
809 104,542,802,592,405,55,865,544,765,755
810 101,930,142,804,177,194,132,586,436,491
811 316,173,819,489,669,787,324,38,937,890
812 883,90,12,583,141,505,708,632,59,634
813 60,605,427,856,153,248,356,568,788,468
814 562,476,778,27,787,432,450,323,33,457
815 50,433,341,63,78,953,772,424,212,8
816 860,507,448,225,276,767,238,389,650,612
817 911,958,491,422,457,613,942,577,744,538
818 675,559,626,178,534,952,962,831,728,830
819 497,516,222,844,704,226,689,40,147,865
820 867,335,653,856,387,368,630,678,191,362
821 107,331,473,538,715,65,653,569,640,538
822 291,538,751,912,998,876,503,335,322,792
823 953,652,341,780,171,184,168,899,634,860
824 860,631,706,72,304,326,167,123,468,395
825 834,257,63,679,727,874,46,655,911,668
826 587,434,75,127,102,851,173,28,701,251
827 944,314,925,19,943,11,957,260,790,653
828 618,526,692,2,288,938,960,752,578,563
829 132,270,28,465,555,377,283,391,730,635
830 250,679,516,587,485,600,321,932,643,10
831 739,670,153,885,720,838,422,37,224,573
832 765,87,498,892,963,520,577,767,795,513
833 327,758,169,58,372,748,495,776,561,62
834 754,751,173,593,319,669,961,354,955,474
835 246,288,587,829,712,27,360,665,249,752
836 232,178,172,249,851,753,437,757,738,416
837 975,229,870,583,154,179,603,60,426,377
838 484,503,669,276,939,776,346,189,975,953
839 622,941,45,24,753,905,926,719,622,98
840 56,255,76,267,19,206,790,714,19,174
841 779,947,31,376,262,94,979,817,575,448
842 737,214,965,408,949,446,637,561,703,872
843 171,650,828,526,453,675,187,843,643,454
844 652,266,258,531,616,821,385,474,737,505
845 181,209,376,106,291,258,594,925,534,437
846 868,691,236,814,695,859,888,525,73,412
847 372,308,446,187,866,501,79,785,695,582
848 960,81,787,248,314,413,132,442,477,607
849 595,732,432,82,721,893,537,421,722,617
850 102,948,636,781,244,84,797,844,150,413
851 115,512,221,734,356,990,794,591,561,815
852 110,129,974,468,925,490,370,712,706,303
853 474,885,682,280,242,159,77,357,114,140
854 772,285,40,40,266,122,931,47,265,568
855 468,456,430,704,631,585,843,254,97,497
856 497,168,710,61,713,949,542,952,706,863
857 686,777,668,905,804,625,623,135,629,994
858 17,794,83,225,469,446,386,287,346,223
859 581,3,878,141,160,575,344,382,89,577
860 412,368,362,421,169,432,387,658,447,914
861 887,405,63,530,752,583,267,950,227,634
862 200,613,96,883,471,946,88,713,985,317
863 529,302,35,253,408,739,279,666,381,966
864 629,118,949,134,274,407,962,650,35,122
865 865,390,980,119,603,324,774,303,907,31
866 564,474,757,429,264,467,182,364,1,286
867 200,560,145,438,616,848,761,216,613,521
868 576,255,540,115,508,273,84,915,640,568
869 51,2,36,478,310,736,177,732,69,120
870 905,332,541,639,659,366,234,807,512,960
871 544,830,942,364,76,511,557,59,131,774
872 8,624,91,933,140,33,22,167,33,998
873 658,487,950,943,97,839,377,212,939,901
874 272,148,307,562,355,758,186,17,792,767
875 779,930,877,22,102,115,413,343,919,765
876 309,144,176,323,557,342,521,732,149,368
877 152,926,680,348,190,117,372,874,31,652
878 969,108,599,940,535,374,284,234,442,787
879 372,864,992,934,168,833,929,68,635,583
880 819,825,318,122,653,980,497,625,296,357
881 21,113,381,575,29,772,34,994,828,28
882 378,840,495,530,118,222,424,790,622,467
883 890,345,832,942,904,951,14,367,64,507
884 843,383,873,117,552,49,966,929,923,790
885 36,192,693,246,793,243,564,405,166,3
886 367,422,85,912,82,463,637,130,384,31
887 40,289,60,243,919,995,187,661,598,822
888 220,406,687,537,187,442,64,841,86,126
889 472,39,140,342,322,621,19,778,4,917
890 310,242,909,667,484,174,657,539,366,907
891 494,401,641,611,656,397,250,230,546,706
892 608,231,962,189,485,395,222,2,997,446
893 987,638,651,816,764,818,564,430,559,98
894 989,1,941,28,82,943,784,287,369,702
895 318,203,768,970,725,693,86,996,383,780
896 880,958,63,471,212,161,831,968,320,622
897 128,917,477,489,530,601,338,600,993,810
898 887,408,949,369,698,454,503,203,584,539
899 96,124,894,755,442,481,627,577,247,200
900 261,286,202,738,711,112,992,936,88,584
901 656,810,13,784,397,851,75,356,119,510
902 653,386,307,150,727,495,565,898,492,802
903 80,520,550,721,507,642,237,910,287,388
904 121,87,216,787,77,821,160,93,402,868
905 158,508,319,99,824,671,886,567,843,653
906 750,813,605,172,419,62,471,142,705,588
907 940,726,810,138,52,547,44,992,672,777
908 555,904,898,418,531,926,783,196,293,861
909 653,157,327,870,830,198,833,615,269,531
910 570,123,626,265,843,491,599,115,269,419
911 956,511,567,552,493,252,986,540,361,187
912 146,782,579,334,10,816,268,255,404,430
913 138,474,33,628,11,236,200,769,715,886
914 508,302,523,766,674,782,398,540,192,19
915 733,553,14,518,908,906,587,624,962,675
916 562,132,926,857,245,457,835,415,378,854
917 299,40,173,588,517,65,599,397,56,295
918 799,85,289,405,194,557,369,922,225,196
919 762,783,962,5,900,875,746,570,253,998
920 874,531,161,192,848,894,123,422,97,240
921 825,234,165,587,93,56,310,451,131,541
922 110,409,844,455,154,312,805,382,166,140
923 416,729,906,376,137,302,40,684,206,32
924 742,644,159,245,176,239,595,272,172,837
925 43,65,325,415,491,937,497,884,162,485
926 167,418,313,270,395,900,461,834,193,685
927 218,206,969,140,40,114,322,604,595,772
928 869,698,125,220,988,188,113,903,324,940
929 834,387,646,837,857,836,192,940,381,162
930 943,565,347,560,363,409,657,486,15,328
931 452,983,130,885,319,691,633,321,521,773
932 357,174,820,482,173,377,221,63,553,301
933 26,224,631,854,910,458,199,487,339,90
934 161,628,549,34,923,881,474,899,846,74
935 455,274,371,77,321,702,694,176,424,139
936 869,648,527,436,59,119,11,696,231,218
937 731,209,979,24,1,12,307,817,592,40
938 146,674,355,255,111,522,38,109,473,384
939 169,177,643,645,383,841,498,382,435,439
940 736,959,232,396,79,328,622,464,534,739
941 325,361,122,859,387,749,456,591,734,740
942 292,282,932,841,718,350,80,525,949,798
943 797,417,798,536,669,446,776,877,132,144
944 407,127,710,697,815,680,719,287,833,651
945 33,704,893,637,294,227,753,854,959,266
946 651,575,946,354,855,442,229,618,664,20
947 622,16,874,657,171,250,352,546,40,462
948 884,689,484,526,678,311,534,980,951,176
949 334,447,841,148,609,664,482,299,644,100
950 439,851,265,504,887,222,755,621,829,524
951 342,742,381,885,857,738,654,126,459,679
952 37,399,861,212,759,601,296,386,436,557
953 617,732,967,196,277,996,503,198,630,96
954 446,883,938,534,388,447,706,729,628,974
955 498,457,488,68,155,870,910,340,442,372
956 945,448,502,974,609,850,132,591,234,956
957 827,175,893,897,738,496,681,684,172,838
958 656,170,33,880,6,825,659,556,574,18
959 815,728,247,193,240,129,789,56,19,102
960 655,636,230,354,976,890,778,102,407,342
961 39,695,737,74,990,72,246,308,762,137
962 560,704,159,500,380,455,536,806,817,250
963 558,306,249,155,824,161,512,532,986,455
964 5,176,39,823,759,941,673,88,798,286
965 166,370,220,308,97,613,222,41,287,649
966 960,38,761,448,517,483,184,432,451,392
967 215,352,367,784,410,475,697,37,855,548
968 411,54,507,306,704,254,277,63,785,858
969 271,298,763,436,242,987,325,153,222,848
970 270,732,511,593,256,684,696,734,60,998
971 108,504,470,75,220,951,471,404,775,348
972 747,119,68,613,621,351,682,601,510,28
973 176,718,601,553,642,550,967,645,811,857
974 584,439,397,571,725,869,658,173,47,228
975 743,164,249,791,247,146,598,322,539,437
976 731,320,858,7,115,900,868,976,245,264
977 337,867,180,819,913,302,271,156,463,856
978 33,227,308,339,935,308,794,854,503,503
979 8,610,572,857,143,620,658,403,968,72
980 452,794,84,401,133,544,162,814,769,249
981 179,310,365,611,721,25,235,517,795,75
982 206,896,238,957,893,597,712,937,634,76
983 517,799,977,228,896,801,544,334,299,663
984 929,693,125,928,824,213,757,131,913,885
985 364,744,213,838,790,36,435,396,50,590
986 639,369,405,438,904,624,702,465,26,828
987 719,972,236,160,511,92,790,671,366,17
988 853,955,824,867,484,739,349,378,673,24
989 685,500,342,462,614,411,927,684,828,432
990 657,450,889,804,928,586,805,331,256,844
991 571,431,101,48,141,234,509,62,689,986
992 913,434,681,157,623,813,243,339,515,585
993 548,239,168,515,440,792,222,566,354,729
994 85,490,614,694,152,217,598,394,625,563
995 880,89,652,273,383,152,954,956,783,355
996 326,58,890,3,393,590,500,11,792,996
997 251,580,518,183,364,144,493,451,734,875
998 589,775,755,142,176,656,410,960,36,553
999 637,672,874,717,696,776,968,106,282,106
